Datetime,Water Level (m)
2025-08-18 12:00:00,1.1364076
2025-08-18 13:00:00,1.2967284
2025-08-18 14:00:00,1.2521222
2025-08-18 15:00:00,0.9972147
2025-08-18 16:00:00,0.6323754
2025-08-18 17:00:00,0.26243082
2025-08-18 18:00:00,-0.038855623
2025-08-18 19:00:00,-0.25741845
2025-08-18 20:00:00,-0.3510276
2025-08-18 21:00:00,-0.21544449
2025-08-18 22:00:00,0.2034815
2025-08-18 23:00:00,0.74885154
2025-08-19 00:00:00,1.2151957
2025-08-19 01:00:00,1.4516047
2025-08-19 02:00:00,1.5345275
2025-08-19 03:00:00,1.5254762
2025-08-19 04:00:00,1.3555021
2025-08-19 05:00:00,1.0153141
2025-08-19 06:00:00,0.6156202
2025-08-19 07:00:00,0.24759004
2025-08-19 08:00:00,-0.047517452
2025-08-19 09:00:00,-0.22402194
2025-08-19 10:00:00,-0.225902
2025-08-19 11:00:00,0.043848064
2025-08-19 12:00:00,0.54401195
2025-08-19 13:00:00,1.0252248
2025-08-19 14:00:00,1.3380514
2025-08-19 15:00:00,1.386094
2025-08-19 16:00:00,1.2158793
2025-08-19 17:00:00,0.8343988
2025-08-19 18:00:00,0.38665134
2025-08-19 19:00:00,-0.023827005
2025-08-19 20:00:00,-0.33764797
2025-08-19 21:00:00,-0.52079517
2025-08-19 22:00:00,-0.49117222
2025-08-19 23:00:00,-0.113452606
2025-08-20 00:00:00,0.5013816
2025-08-20 01:00:00,1.0959581
2025-08-20 02:00:00,1.5070789
2025-08-20 03:00:00,1.6662892
2025-08-20 04:00:00,1.6955153
2025-08-20 05:00:00,1.5241183
2025-08-20 06:00:00,1.1186603
2025-08-20 07:00:00,0.6313905
2025-08-20 08:00:00,0.1754637
2025-08-20 09:00:00,-0.19480422
2025-08-20 10:00:00,-0.44451898
2025-08-20 11:00:00,-0.47640032
2025-08-20 12:00:00,-0.12960343
2025-08-20 13:00:00,0.5200298
2025-08-20 14:00:00,1.120475
2025-08-20 15:00:00,1.4574482
2025-08-20 16:00:00,1.5527872
2025-08-20 17:00:00,1.4157583
2025-08-20 18:00:00,1.0061593
2025-08-20 19:00:00,0.50284034
2025-08-20 20:00:00,0.02754529
2025-08-20 21:00:00,-0.3532511
2025-08-20 22:00:00,-0.6237872
2025-08-20 23:00:00,-0.6988279
2025-08-21 00:00:00,-0.39111233
2025-08-21 01:00:00,0.29829466
2025-08-21 02:00:00,1.0197501
2025-08-21 03:00:00,1.5378304
2025-08-21 04:00:00,1.7908182
2025-08-21 05:00:00,1.8281803
2025-08-21 06:00:00,1.6046424
2025-08-21 07:00:00,1.1082733
2025-08-21 08:00:00,0.53207517
2025-08-21 09:00:00,0.0392469
2025-08-21 10:00:00,-0.35076112
2025-08-21 11:00:00,-0.65778434
2025-08-21 12:00:00,-0.73094517
2025-08-21 13:00:00,-0.33113536
2025-08-21 14:00:00,0.4067265
2025-08-21 15:00:00,1.0851122
2025-08-21 16:00:00,1.4996458
2025-08-21 17:00:00,1.6568182
2025-08-21 18:00:00,1.5251069
2025-08-21 19:00:00,1.0633788
2025-08-21 20:00:00,0.48297
2025-08-21 21:00:00,-0.04776871
2025-08-21 22:00:00,-0.48165795
2025-08-21 23:00:00,-0.79892063
2025-08-22 00:00:00,-0.8897383
2025-08-22 01:00:00,-0.4411338
2025-08-22 02:00:00,0.37220198
2025-08-22 03:00:00,1.1413194
2025-08-22 04:00:00,1.6551614
2025-08-22 05:00:00,1.9204249
2025-08-22 06:00:00,1.9187506
2025-08-22 07:00:00,1.6259565
2025-08-22 08:00:00,1.053875
2025-08-22 09:00:00,0.439929
2025-08-22 10:00:00,-0.07228609
2025-08-22 11:00:00,-0.4624296
2025-08-22 12:00:00,-0.76717174
2025-08-22 13:00:00,-0.7944848
2025-08-22 14:00:00,-0.20130505
2025-08-22 15:00:00,0.65860456
2025-08-22 16:00:00,1.3699952
2025-08-22 17:00:00,1.7285789
2025-08-22 18:00:00,1.8261899
2025-08-22 19:00:00,1.5828052
2025-08-22 20:00:00,1.0303237
2025-08-22 21:00:00,0.4137903
2025-08-22 22:00:00,-0.09679277
2025-08-22 23:00:00,-0.5061032
2025-08-23 00:00:00,-0.85125804
2025-08-23 01:00:00,-0.88793033
2025-08-23 02:00:00,-0.27378035
2025-08-23 03:00:00,0.6176387
2025-08-23 04:00:00,1.3966501
2025-08-23 05:00:00,1.842841
2025-08-23 06:00:00,2.023226
2025-08-23 07:00:00,1.9258443
2025-08-23 08:00:00,1.4628649
2025-08-23 09:00:00,0.8500352
2025-08-23 10:00:00,0.26308474
2025-08-23 11:00:00,-0.22592938
2025-08-23 12:00:00,-0.593025
2025-08-23 13:00:00,-0.86939853
2025-08-23 14:00:00,-0.6558608
2025-08-23 15:00:00,0.16737172
2025-08-23 16:00:00,1.0340234
2025-08-23 17:00:00,1.607229
2025-08-23 18:00:00,1.8976208
2025-08-23 19:00:00,1.885429
2025-08-23 20:00:00,1.4887538
2025-08-23 21:00:00,0.87663674
2025-08-23 22:00:00,0.26934752
2025-08-23 23:00:00,-0.23946775
2025-08-24 00:00:00,-0.6156281
2025-08-24 01:00:00,-0.8812071
2025-08-24 02:00:00,-0.7564198
2025-08-24 03:00:00,0.048175193
2025-08-24 04:00:00,0.9554062
2025-08-24 05:00:00,1.6192521
2025-08-24 06:00:00,1.9852567
2025-08-24 07:00:00,2.0637703
2025-08-24 08:00:00,1.7992879
2025-08-24 09:00:00,1.2167482
2025-08-24 10:00:00,0.60426986
2025-08-24 11:00:00,0.048252854
2025-08-24 12:00:00,-0.3865605
